frente,model,detector,exp,delta,min_window,cooldown,max_window,pre_proc,n_2019_total,n_post_total,n_alarms_total,FAR_2019_per1k,n_alarms_post,SNR_op,n_2019,n_2021,n_2022,n_2023,n_2024,n_2025,N_window,K_thr,K_delta,alpha,window_size,stat_size
A,Seq2Seq,ADWIN,A_d1e-04_mw200_cd200_xw2000,0.000100,200.000000,200.000000,2000.000000,robz_w200,48000,240000,188,0.770800,151,0.820000,37,26,28,40,38,19,,,,,,
A,Seq2Seq,ADWIN,A_d1e-04_mw200_cd200_xw5000,0.000100,200.000000,200.000000,5000.000000,robz_w200,48000,240000,169,0.708300,135,0.790000,34,25,21,33,37,19,,,,,,
A,Seq2Seq,ADWIN,A_d1e-04_mw200_cd500_xw2000,0.000100,200.000000,500.000000,2000.000000,robz_w200,48000,240000,156,0.687500,123,0.750000,33,21,22,30,32,18,,,,,,
A,Seq2Seq,ADWIN,A_d1e-04_mw200_cd500_xw5000,0.000100,200.000000,500.000000,5000.000000,robz_w200,48000,240000,139,0.625000,109,0.730000,30,17,17,26,31,18,,,,,,
A,Seq2Seq,ADWIN,A_d1e-04_mw200_cd1000_xw2000,0.000100,200.000000,1000.000000,2000.000000,robz_w200,48000,240000,110,0.500000,86,0.720000,24,15,13,22,21,15,,,,,,
A,Seq2Seq,ADWIN,A_d1e-04_mw200_cd1000_xw5000,0.000100,200.000000,1000.000000,5000.000000,robz_w200,48000,240000,101,0.479200,78,0.680000,23,11,13,18,25,11,,,,,,
A,Seq2Seq,ADWIN,A_d1e-04_mw400_cd200_xw2000,0.000100,400.000000,200.000000,2000.000000,robz_w200,48000,240000,179,0.770800,142,0.770000,37,20,28,37,38,19,,,,,,
A,Seq2Seq,ADWIN,A_d1e-04_mw400_cd200_xw5000,0.000100,400.000000,200.000000,5000.000000,robz_w200,48000,240000,143,0.520800,118,0.940000,25,20,19,32,34,13,,,,,,
A,Seq2Seq,ADWIN,A_d1e-04_mw400_cd500_xw2000,0.000100,400.000000,500.000000,2000.000000,robz_w200,48000,240000,157,0.687500,124,0.750000,33,17,23,33,33,18,,,,,,
A,Seq2Seq,ADWIN,A_d1e-04_mw400_cd500_xw5000,0.000100,400.000000,500.000000,5000.000000,robz_w200,48000,240000,123,0.479200,100,0.870000,23,18,16,25,28,13,,,,,,
A,Seq2Seq,ADWIN,A_d1e-04_mw400_cd1000_xw2000,0.000100,400.000000,1000.000000,2000.000000,robz_w200,48000,240000,112,0.500000,88,0.730000,24,14,15,23,21,15,,,,,,
A,Seq2Seq,ADWIN,A_d1e-04_mw400_cd1000_xw5000,0.000100,400.000000,1000.000000,5000.000000,robz_w200,48000,240000,89,0.416700,69,0.690000,20,12,10,18,18,11,,,,,,
A,Seq2Seq,ADWIN,A_d1e-04_mw600_cd200_xw2000,0.000100,600.000000,200.000000,2000.000000,robz_w200,48000,240000,147,0.541700,121,0.930000,26,21,21,30,31,18,,,,,,
A,Seq2Seq,ADWIN,A_d1e-04_mw600_cd200_xw5000,0.000100,600.000000,200.000000,5000.000000,robz_w200,48000,240000,146,0.604200,117,0.810000,29,20,17,30,35,15,,,,,,
A,Seq2Seq,ADWIN,A_d1e-04_mw600_cd500_xw2000,0.000100,600.000000,500.000000,2000.000000,robz_w200,48000,240000,147,0.541700,121,0.930000,26,21,21,30,31,18,,,,,,
A,Seq2Seq,ADWIN,A_d1e-04_mw600_cd500_xw5000,0.000100,600.000000,500.000000,5000.000000,robz_w200,48000,240000,146,0.604200,117,0.810000,29,20,17,30,35,15,,,,,,
A,Seq2Seq,ADWIN,A_d1e-04_mw600_cd1000_xw2000,0.000100,600.000000,1000.000000,2000.000000,robz_w200,48000,240000,99,0.375000,81,0.900000,18,14,14,20,19,14,,,,,,
A,Seq2Seq,ADWIN,A_d1e-04_mw600_cd1000_xw5000,0.000100,600.000000,1000.000000,5000.000000,robz_w200,48000,240000,101,0.437500,80,0.760000,21,14,11,21,23,11,,,,,,
A,Seq2Seq,ADWIN,A_d1e-04_mw1000_cd200_xw2000,0.000100,1000.000000,200.000000,2000.000000,robz_w200,48000,240000,89,0.395800,70,0.740000,19,15,13,16,19,7,,,,,,
A,Seq2Seq,ADWIN,A_d1e-04_mw1000_cd200_xw5000,0.000100,1000.000000,200.000000,5000.000000,robz_w200,48000,240000,102,0.312500,87,1.160000,15,15,14,21,25,12,,,,,,
A,Seq2Seq,ADWIN,A_d1e-04_mw1000_cd500_xw2000,0.000100,1000.000000,500.000000,2000.000000,robz_w200,48000,240000,89,0.395800,70,0.740000,19,15,13,16,19,7,,,,,,
A,Seq2Seq,ADWIN,A_d1e-04_mw1000_cd500_xw5000,0.000100,1000.000000,500.000000,5000.000000,robz_w200,48000,240000,102,0.312500,87,1.160000,15,15,14,21,25,12,,,,,,
A,Seq2Seq,ADWIN,A_d1e-04_mw1000_cd1000_xw2000,0.000100,1000.000000,1000.000000,2000.000000,robz_w200,48000,240000,89,0.395800,70,0.740000,19,15,13,16,19,7,,,,,,
A,Seq2Seq,ADWIN,A_d1e-04_mw1000_cd1000_xw5000,0.000100,1000.000000,1000.000000,5000.000000,robz_w200,48000,240000,102,0.312500,87,1.160000,15,15,14,21,25,12,,,,,,
A,Seq2Seq,ADWIN,A_d1e-05_mw200_cd200_xw2000,0.000010,200.000000,200.000000,2000.000000,robz_w200,48000,240000,126,0.520800,101,0.810000,25,15,15,31,30,10,,,,,,
A,Seq2Seq,ADWIN,A_d1e-05_mw200_cd200_xw5000,0.000010,200.000000,200.000000,5000.000000,robz_w200,48000,240000,118,0.416700,98,0.980000,20,18,18,23,26,13,,,,,,
A,Seq2Seq,ADWIN,A_d1e-05_mw200_cd500_xw2000,0.000010,200.000000,500.000000,2000.000000,robz_w200,48000,240000,111,0.479200,88,0.770000,23,12,12,26,28,10,,,,,,
A,Seq2Seq,ADWIN,A_d1e-05_mw200_cd500_xw5000,0.000010,200.000000,500.000000,5000.000000,robz_w200,48000,240000,105,0.375000,87,0.970000,18,15,17,20,22,13,,,,,,
A,Seq2Seq,ADWIN,A_d1e-05_mw200_cd1000_xw2000,0.000010,200.000000,1000.000000,2000.000000,robz_w200,48000,240000,80,0.354200,63,0.740000,17,8,7,20,20,8,,,,,,
A,Seq2Seq,ADWIN,A_d1e-05_mw200_cd1000_xw5000,0.000010,200.000000,1000.000000,5000.000000,robz_w200,48000,240000,79,0.312500,64,0.850000,15,11,11,14,17,11,,,,,,
A,Seq2Seq,ADWIN,A_d1e-05_mw400_cd200_xw2000,0.000010,400.000000,200.000000,2000.000000,robz_w200,48000,240000,119,0.520800,94,0.750000,25,20,14,26,23,11,,,,,,
A,Seq2Seq,ADWIN,A_d1e-05_mw400_cd200_xw5000,0.000010,400.000000,200.000000,5000.000000,robz_w200,48000,240000,115,0.541700,89,0.680000,26,18,13,24,27,7,,,,,,
A,Seq2Seq,ADWIN,A_d1e-05_mw400_cd500_xw2000,0.000010,400.000000,500.000000,2000.000000,robz_w200,48000,240000,108,0.479200,85,0.740000,23,19,13,21,21,11,,,,,,
A,Seq2Seq,ADWIN,A_d1e-05_mw400_cd500_xw5000,0.000010,400.000000,500.000000,5000.000000,robz_w200,48000,240000,105,0.500000,81,0.680000,24,17,12,20,25,7,,,,,,
A,Seq2Seq,ADWIN,A_d1e-05_mw400_cd1000_xw2000,0.000010,400.000000,1000.000000,2000.000000,robz_w200,48000,240000,82,0.354200,65,0.760000,17,13,10,16,17,9,,,,,,
A,Seq2Seq,ADWIN,A_d1e-05_mw400_cd1000_xw5000,0.000010,400.000000,1000.000000,5000.000000,robz_w200,48000,240000,75,0.395800,56,0.590000,19,10,8,15,17,6,,,,,,
A,Seq2Seq,ADWIN,A_d1e-05_mw600_cd200_xw2000,0.000010,600.000000,200.000000,2000.000000,robz_w200,48000,240000,107,0.375000,89,0.990000,18,17,18,25,19,10,,,,,,
A,Seq2Seq,ADWIN,A_d1e-05_mw600_cd200_xw5000,0.000010,600.000000,200.000000,5000.000000,robz_w200,48000,240000,102,0.395800,83,0.870000,19,16,18,22,23,4,,,,,,
A,Seq2Seq,ADWIN,A_d1e-05_mw600_cd500_xw2000,0.000010,600.000000,500.000000,2000.000000,robz_w200,48000,240000,107,0.375000,89,0.990000,18,17,18,25,19,10,,,,,,
A,Seq2Seq,ADWIN,A_d1e-05_mw600_cd500_xw5000,0.000010,600.000000,500.000000,5000.000000,robz_w200,48000,240000,102,0.395800,83,0.870000,19,16,18,22,23,4,,,,,,
A,Seq2Seq,ADWIN,A_d1e-05_mw600_cd1000_xw2000,0.000010,600.000000,1000.000000,2000.000000,robz_w200,48000,240000,74,0.250000,62,1.030000,12,11,13,17,13,8,,,,,,
A,Seq2Seq,ADWIN,A_d1e-05_mw600_cd1000_xw5000,0.000010,600.000000,1000.000000,5000.000000,robz_w200,48000,240000,70,0.312500,55,0.730000,15,10,12,13,16,4,,,,,,
A,Seq2Seq,ADWIN,A_d1e-05_mw1000_cd200_xw2000,0.000010,1000.000000,200.000000,2000.000000,robz_w200,48000,240000,80,0.375000,62,0.690000,18,12,7,19,16,8,,,,,,
A,Seq2Seq,ADWIN,A_d1e-05_mw1000_cd200_xw5000,0.000010,1000.000000,200.000000,5000.000000,robz_w200,48000,240000,81,0.416700,61,0.610000,20,13,9,17,17,5,,,,,,
A,Seq2Seq,ADWIN,A_d1e-05_mw1000_cd500_xw2000,0.000010,1000.000000,500.000000,2000.000000,robz_w200,48000,240000,80,0.375000,62,0.690000,18,12,7,19,16,8,,,,,,
A,Seq2Seq,ADWIN,A_d1e-05_mw1000_cd500_xw5000,0.000010,1000.000000,500.000000,5000.000000,robz_w200,48000,240000,81,0.416700,61,0.610000,20,13,9,17,17,5,,,,,,
A,Seq2Seq,ADWIN,A_d1e-05_mw1000_cd1000_xw2000,0.000010,1000.000000,1000.000000,2000.000000,robz_w200,48000,240000,80,0.375000,62,0.690000,18,12,7,19,16,8,,,,,,
A,Seq2Seq,ADWIN,A_d1e-05_mw1000_cd1000_xw5000,0.000010,1000.000000,1000.000000,5000.000000,robz_w200,48000,240000,81,0.416700,61,0.610000,20,13,9,17,17,5,,,,,,
A,Seq2Seq,ADWIN,A_d1e-06_mw200_cd200_xw2000,0.000001,200.000000,200.000000,2000.000000,robz_w200,48000,240000,95,0.354200,78,0.920000,17,17,11,26,21,3,,,,,,
A,Seq2Seq,ADWIN,A_d1e-06_mw200_cd200_xw5000,0.000001,200.000000,200.000000,5000.000000,robz_w200,48000,240000,94,0.291700,80,1.140000,14,15,16,24,19,6,,,,,,
A,Seq2Seq,ADWIN,A_d1e-06_mw200_cd500_xw2000,0.000001,200.000000,500.000000,2000.000000,robz_w200,48000,240000,86,0.354200,69,0.810000,17,15,10,23,18,3,,,,,,
A,Seq2Seq,ADWIN,A_d1e-06_mw200_cd500_xw5000,0.000001,200.000000,500.000000,5000.000000,robz_w200,48000,240000,87,0.291700,73,1.040000,14,13,14,23,18,5,,,,,,
A,Seq2Seq,ADWIN,A_d1e-06_mw200_cd1000_xw2000,0.000001,200.000000,1000.000000,2000.000000,robz_w200,48000,240000,65,0.291700,51,0.730000,14,9,8,16,15,3,,,,,,
A,Seq2Seq,ADWIN,A_d1e-06_mw200_cd1000_xw5000,0.000001,200.000000,1000.000000,5000.000000,robz_w200,48000,240000,65,0.229200,54,0.980000,11,10,10,17,13,4,,,,,,
A,Seq2Seq,ADWIN,A_d1e-06_mw400_cd200_xw2000,0.000001,400.000000,200.000000,2000.000000,robz_w200,48000,240000,93,0.354200,76,0.890000,17,18,10,19,21,8,,,,,,
A,Seq2Seq,ADWIN,A_d1e-06_mw400_cd200_xw5000,0.000001,400.000000,200.000000,5000.000000,robz_w200,48000,240000,92,0.291700,78,1.110000,14,14,15,24,19,6,,,,,,
A,Seq2Seq,ADWIN,A_d1e-06_mw400_cd500_xw2000,0.000001,400.000000,500.000000,2000.000000,robz_w200,48000,240000,86,0.354200,69,0.810000,17,17,9,16,19,8,,,,,,
A,Seq2Seq,ADWIN,A_d1e-06_mw400_cd500_xw5000,0.000001,400.000000,500.000000,5000.000000,robz_w200,48000,240000,86,0.291700,72,1.030000,14,13,13,23,18,5,,,,,,
A,Seq2Seq,ADWIN,A_d1e-06_mw400_cd1000_xw2000,0.000001,400.000000,1000.000000,2000.000000,robz_w200,48000,240000,67,0.291700,53,0.760000,14,11,7,14,14,7,,,,,,
A,Seq2Seq,ADWIN,A_d1e-06_mw400_cd1000_xw5000,0.000001,400.000000,1000.000000,5000.000000,robz_w200,48000,240000,64,0.229200,53,0.960000,11,9,10,17,13,4,,,,,,
A,Seq2Seq,ADWIN,A_d1e-06_mw600_cd200_xw2000,0.000001,600.000000,200.000000,2000.000000,robz_w200,48000,240000,86,0.291700,72,1.030000,14,14,8,23,18,9,,,,,,
A,Seq2Seq,ADWIN,A_d1e-06_mw600_cd200_xw5000,0.000001,600.000000,200.000000,5000.000000,robz_w200,48000,240000,66,0.250000,54,0.900000,12,13,8,11,19,3,,,,,,
A,Seq2Seq,ADWIN,A_d1e-06_mw600_cd500_xw2000,0.000001,600.000000,500.000000,2000.000000,robz_w200,48000,240000,86,0.291700,72,1.030000,14,14,8,23,18,9,,,,,,
A,Seq2Seq,ADWIN,A_d1e-06_mw600_cd500_xw5000,0.000001,600.000000,500.000000,5000.000000,robz_w200,48000,240000,66,0.250000,54,0.900000,12,13,8,11,19,3,,,,,,
A,Seq2Seq,ADWIN,A_d1e-06_mw600_cd1000_xw2000,0.000001,600.000000,1000.000000,2000.000000,robz_w200,48000,240000,63,0.250000,51,0.850000,12,8,7,16,12,8,,,,,,
A,Seq2Seq,ADWIN,A_d1e-06_mw600_cd1000_xw5000,0.000001,600.000000,1000.000000,5000.000000,robz_w200,48000,240000,50,0.187500,41,0.910000,9,8,6,10,14,3,,,,,,
A,Seq2Seq,ADWIN,A_d1e-06_mw1000_cd200_xw2000,0.000001,1000.000000,200.000000,2000.000000,robz_w200,48000,240000,55,0.229200,44,0.800000,11,8,7,14,10,5,,,,,,
A,Seq2Seq,ADWIN,A_d1e-06_mw1000_cd200_xw5000,0.000001,1000.000000,200.000000,5000.000000,robz_w200,48000,240000,64,0.250000,52,0.870000,12,11,6,16,15,4,,,,,,
A,Seq2Seq,ADWIN,A_d1e-06_mw1000_cd500_xw2000,0.000001,1000.000000,500.000000,2000.000000,robz_w200,48000,240000,55,0.229200,44,0.800000,11,8,7,14,10,5,,,,,,
A,Seq2Seq,ADWIN,A_d1e-06_mw1000_cd500_xw5000,0.000001,1000.000000,500.000000,5000.000000,robz_w200,48000,240000,64,0.250000,52,0.870000,12,11,6,16,15,4,,,,,,
A,Seq2Seq,ADWIN,A_d1e-06_mw1000_cd1000_xw2000,0.000001,1000.000000,1000.000000,2000.000000,robz_w200,48000,240000,55,0.229200,44,0.800000,11,8,7,14,10,5,,,,,,
A,Seq2Seq,ADWIN,A_d1e-06_mw1000_cd1000_xw5000,0.000001,1000.000000,1000.000000,5000.000000,robz_w200,48000,240000,64,0.250000,52,0.870000,12,11,6,16,15,4,,,,,,
A,Seq2Seq,ADWIN,A_d1e-07_mw200_cd200_xw2000,0.000000,200.000000,200.000000,2000.000000,robz_w200,48000,240000,63,0.166700,55,1.380000,8,11,13,16,12,3,,,,,,
A,Seq2Seq,ADWIN,A_d1e-07_mw200_cd200_xw5000,0.000000,200.000000,200.000000,5000.000000,robz_w200,48000,240000,70,0.166700,62,1.550000,8,12,8,22,15,5,,,,,,
A,Seq2Seq,ADWIN,A_d1e-07_mw200_cd500_xw2000,0.000000,200.000000,500.000000,2000.000000,robz_w200,48000,240000,61,0.166700,53,1.320000,8,10,12,16,12,3,,,,,,
A,Seq2Seq,ADWIN,A_d1e-07_mw200_cd500_xw5000,0.000000,200.000000,500.000000,5000.000000,robz_w200,48000,240000,64,0.166700,56,1.400000,8,11,7,20,13,5,,,,,,
A,Seq2Seq,ADWIN,A_d1e-07_mw200_cd1000_xw2000,0.000000,200.000000,1000.000000,2000.000000,robz_w200,48000,240000,45,0.125000,39,1.300000,6,8,9,11,9,2,,,,,,
A,Seq2Seq,ADWIN,A_d1e-07_mw200_cd1000_xw5000,0.000000,200.000000,1000.000000,5000.000000,robz_w200,48000,240000,49,0.125000,43,1.430000,6,7,6,14,11,5,,,,,,
A,Seq2Seq,ADWIN,A_d1e-07_mw400_cd200_xw2000,0.000000,400.000000,200.000000,2000.000000,robz_w200,48000,240000,63,0.166700,55,1.380000,8,11,13,16,12,3,,,,,,
A,Seq2Seq,ADWIN,A_d1e-07_mw400_cd200_xw5000,0.000000,400.000000,200.000000,5000.000000,robz_w200,48000,240000,70,0.166700,62,1.550000,8,12,8,22,15,5,,,,,,
A,Seq2Seq,ADWIN,A_d1e-07_mw400_cd500_xw2000,0.000000,400.000000,500.000000,2000.000000,robz_w200,48000,240000,61,0.166700,53,1.320000,8,10,12,16,12,3,,,,,,
A,Seq2Seq,ADWIN,A_d1e-07_mw400_cd500_xw5000,0.000000,400.000000,500.000000,5000.000000,robz_w200,48000,240000,64,0.166700,56,1.400000,8,11,7,20,13,5,,,,,,
A,Seq2Seq,ADWIN,A_d1e-07_mw400_cd1000_xw2000,0.000000,400.000000,1000.000000,2000.000000,robz_w200,48000,240000,45,0.125000,39,1.300000,6,8,9,11,9,2,,,,,,
A,Seq2Seq,ADWIN,A_d1e-07_mw400_cd1000_xw5000,0.000000,400.000000,1000.000000,5000.000000,robz_w200,48000,240000,49,0.125000,43,1.430000,6,7,6,14,11,5,,,,,,
A,Seq2Seq,ADWIN,A_d1e-07_mw600_cd200_xw2000,0.000000,600.000000,200.000000,2000.000000,robz_w200,48000,240000,62,0.187500,53,1.180000,9,11,9,16,14,3,,,,,,
A,Seq2Seq,ADWIN,A_d1e-07_mw600_cd200_xw5000,0.000000,600.000000,200.000000,5000.000000,robz_w200,48000,240000,64,0.250000,52,0.870000,12,13,8,13,16,2,,,,,,
A,Seq2Seq,ADWIN,A_d1e-07_mw600_cd500_xw2000,0.000000,600.000000,500.000000,2000.000000,robz_w200,48000,240000,62,0.187500,53,1.180000,9,11,9,16,14,3,,,,,,
A,Seq2Seq,ADWIN,A_d1e-07_mw600_cd500_xw5000,0.000000,600.000000,500.000000,5000.000000,robz_w200,48000,240000,64,0.250000,52,0.870000,12,13,8,13,16,2,,,,,,
A,Seq2Seq,ADWIN,A_d1e-07_mw600_cd1000_xw2000,0.000000,600.000000,1000.000000,2000.000000,robz_w200,48000,240000,48,0.187500,39,0.870000,9,7,6,12,11,3,,,,,,
A,Seq2Seq,ADWIN,A_d1e-07_mw600_cd1000_xw5000,0.000000,600.000000,1000.000000,5000.000000,robz_w200,48000,240000,48,0.208300,38,0.760000,10,9,6,9,12,2,,,,,,
A,Seq2Seq,ADWIN,A_d1e-07_mw1000_cd200_xw2000,0.000000,1000.000000,200.000000,2000.000000,robz_w200,48000,240000,41,0.166700,33,0.820000,8,9,4,11,8,1,,,,,,
A,Seq2Seq,ADWIN,A_d1e-07_mw1000_cd200_xw5000,0.000000,1000.000000,200.000000,5000.000000,robz_w200,48000,240000,51,0.187500,42,0.930000,9,10,6,11,11,4,,,,,,
A,Seq2Seq,ADWIN,A_d1e-07_mw1000_cd500_xw2000,0.000000,1000.000000,500.000000,2000.000000,robz_w200,48000,240000,41,0.166700,33,0.820000,8,9,4,11,8,1,,,,,,
A,Seq2Seq,ADWIN,A_d1e-07_mw1000_cd500_xw5000,0.000000,1000.000000,500.000000,5000.000000,robz_w200,48000,240000,51,0.187500,42,0.930000,9,10,6,11,11,4,,,,,,
A,Seq2Seq,ADWIN,A_d1e-07_mw1000_cd1000_xw2000,0.000000,1000.000000,1000.000000,2000.000000,robz_w200,48000,240000,41,0.166700,33,0.820000,8,9,4,11,8,1,,,,,,
A,Seq2Seq,ADWIN,A_d1e-07_mw1000_cd1000_xw5000,0.000000,1000.000000,1000.000000,5000.000000,robz_w200,48000,240000,51,0.187500,42,0.930000,9,10,6,11,11,4,,,,,,
B,Seq2Seq,PH,B_N50_K5_d0.5,,,,,window_agg,960,4800,51,8.333300,43,1.070000,8,18,3,9,6,7,50.000000,5.000000,0.500000,,,
B,Seq2Seq,PH,B_N50_K5_d1.0,,,,,window_agg,960,4800,39,6.250000,33,1.100000,6,18,3,4,5,3,50.000000,5.000000,1.000000,,,
B,Seq2Seq,PH,B_N50_K5_d2.0,,,,,window_agg,960,4800,25,5.208300,20,0.800000,5,16,1,1,2,0,50.000000,5.000000,2.000000,,,
B,Seq2Seq,PH,B_N50_K10_d0.5,,,,,window_agg,960,4800,32,6.250000,26,0.870000,6,18,2,1,3,2,50.000000,10.000000,0.500000,,,
B,Seq2Seq,PH,B_N50_K10_d1.0,,,,,window_agg,960,4800,27,5.208300,22,0.880000,5,17,1,1,3,0,50.000000,10.000000,1.000000,,,
B,Seq2Seq,PH,B_N50_K10_d2.0,,,,,window_agg,960,4800,22,3.125000,19,1.270000,3,16,1,1,1,0,50.000000,10.000000,2.000000,,,
B,Seq2Seq,PH,B_N50_K20_d0.5,,,,,window_agg,960,4800,23,4.166700,19,0.950000,4,17,0,1,1,0,50.000000,20.000000,0.500000,,,
B,Seq2Seq,PH,B_N50_K20_d1.0,,,,,window_agg,960,4800,21,3.125000,18,1.200000,3,16,0,1,1,0,50.000000,20.000000,1.000000,,,
B,Seq2Seq,PH,B_N50_K20_d2.0,,,,,window_agg,960,4800,16,1.041700,15,3.000000,1,14,0,0,1,0,50.000000,20.000000,2.000000,,,
B,Seq2Seq,PH,B_N50_K30_d0.5,,,,,window_agg,960,4800,21,3.125000,18,1.200000,3,17,0,0,1,0,50.000000,30.000000,0.500000,,,
B,Seq2Seq,PH,B_N50_K30_d1.0,,,,,window_agg,960,4800,19,2.083300,17,1.700000,2,16,0,0,1,0,50.000000,30.000000,1.000000,,,
B,Seq2Seq,PH,B_N50_K30_d2.0,,,,,window_agg,960,4800,15,1.041700,14,2.800000,1,14,0,0,0,0,50.000000,30.000000,2.000000,,,
B,Seq2Seq,PH,B_N50_K50_d0.5,,,,,window_agg,960,4800,18,3.125000,15,1.000000,3,15,0,0,0,0,50.000000,50.000000,0.500000,,,
B,Seq2Seq,PH,B_N50_K50_d1.0,,,,,window_agg,960,4800,14,1.041700,13,2.600000,1,13,0,0,0,0,50.000000,50.000000,1.000000,,,
B,Seq2Seq,PH,B_N50_K50_d2.0,,,,,window_agg,960,4800,13,0.000000,13,9999.000000,0,13,0,0,0,0,50.000000,50.000000,2.000000,,,
B,Seq2Seq,PH,B_N100_K5_d0.5,,,,,window_agg,480,2400,40,12.500000,34,1.130000,6,18,3,5,5,3,100.000000,5.000000,0.500000,,,
B,Seq2Seq,PH,B_N100_K5_d1.0,,,,,window_agg,480,2400,28,10.416700,23,0.920000,5,17,2,1,2,1,100.000000,5.000000,1.000000,,,
B,Seq2Seq,PH,B_N100_K5_d2.0,,,,,window_agg,480,2400,24,8.333300,20,1.000000,4,17,1,1,1,0,100.000000,5.000000,2.000000,,,
B,Seq2Seq,PH,B_N100_K10_d0.5,,,,,window_agg,480,2400,27,10.416700,22,0.880000,5,17,1,1,2,1,100.000000,10.000000,0.500000,,,
B,Seq2Seq,PH,B_N100_K10_d1.0,,,,,window_agg,480,2400,21,6.250000,18,1.200000,3,16,0,1,1,0,100.000000,10.000000,1.000000,,,
B,Seq2Seq,PH,B_N100_K10_d2.0,,,,,window_agg,480,2400,18,4.166700,16,1.600000,2,15,0,0,1,0,100.000000,10.000000,2.000000,,,
B,Seq2Seq,PH,B_N100_K20_d0.5,,,,,window_agg,480,2400,21,8.333300,17,0.850000,4,16,0,0,1,0,100.000000,20.000000,0.500000,,,
B,Seq2Seq,PH,B_N100_K20_d1.0,,,,,window_agg,480,2400,20,6.250000,17,1.130000,3,16,0,0,1,0,100.000000,20.000000,1.000000,,,
B,Seq2Seq,PH,B_N100_K20_d2.0,,,,,window_agg,480,2400,14,2.083300,13,2.600000,1,13,0,0,0,0,100.000000,20.000000,2.000000,,,
B,Seq2Seq,PH,B_N100_K30_d0.5,,,,,window_agg,480,2400,19,6.250000,16,1.070000,3,15,0,0,1,0,100.000000,30.000000,0.500000,,,
B,Seq2Seq,PH,B_N100_K30_d1.0,,,,,window_agg,480,2400,15,4.166700,13,1.300000,2,13,0,0,0,0,100.000000,30.000000,1.000000,,,
B,Seq2Seq,PH,B_N100_K30_d2.0,,,,,window_agg,480,2400,14,2.083300,13,2.600000,1,13,0,0,0,0,100.000000,30.000000,2.000000,,,
B,Seq2Seq,PH,B_N100_K50_d0.5,,,,,window_agg,480,2400,15,4.166700,13,1.300000,2,13,0,0,0,0,100.000000,50.000000,0.500000,,,
B,Seq2Seq,PH,B_N100_K50_d1.0,,,,,window_agg,480,2400,14,2.083300,13,2.600000,1,13,0,0,0,0,100.000000,50.000000,1.000000,,,
B,Seq2Seq,PH,B_N100_K50_d2.0,,,,,window_agg,480,2400,11,0.000000,11,9999.000000,0,11,0,0,0,0,100.000000,50.000000,2.000000,,,
B,Seq2Seq,PH,B_N200_K5_d0.5,,,,,window_agg,240,1200,30,25.000000,24,0.800000,6,17,1,2,2,2,200.000000,5.000000,0.500000,,,
B,Seq2Seq,PH,B_N200_K5_d1.0,,,,,window_agg,240,1200,23,12.500000,20,1.330000,3,17,1,1,1,0,200.000000,5.000000,1.000000,,,
B,Seq2Seq,PH,B_N200_K5_d2.0,,,,,window_agg,240,1200,19,8.333300,17,1.700000,2,15,0,1,1,0,200.000000,5.000000,2.000000,,,
B,Seq2Seq,PH,B_N200_K10_d0.5,,,,,window_agg,240,1200,21,16.666700,17,0.850000,4,15,0,1,1,0,200.000000,10.000000,0.500000,,,
B,Seq2Seq,PH,B_N200_K10_d1.0,,,,,window_agg,240,1200,19,12.500000,16,1.070000,3,15,0,0,1,0,200.000000,10.000000,1.000000,,,
B,Seq2Seq,PH,B_N200_K10_d2.0,,,,,window_agg,240,1200,16,4.166700,15,3.000000,1,14,0,0,1,0,200.000000,10.000000,2.000000,,,
B,Seq2Seq,PH,B_N200_K20_d0.5,,,,,window_agg,240,1200,17,12.500000,14,0.930000,3,14,0,0,0,0,200.000000,20.000000,0.500000,,,
B,Seq2Seq,PH,B_N200_K20_d1.0,,,,,window_agg,240,1200,15,8.333300,13,1.300000,2,13,0,0,0,0,200.000000,20.000000,1.000000,,,
B,Seq2Seq,PH,B_N200_K20_d2.0,,,,,window_agg,240,1200,14,4.166700,13,2.600000,1,13,0,0,0,0,200.000000,20.000000,2.000000,,,
B,Seq2Seq,PH,B_N200_K30_d0.5,,,,,window_agg,240,1200,15,8.333300,13,1.300000,2,13,0,0,0,0,200.000000,30.000000,0.500000,,,
B,Seq2Seq,PH,B_N200_K30_d1.0,,,,,window_agg,240,1200,14,4.166700,13,2.600000,1,13,0,0,0,0,200.000000,30.000000,1.000000,,,
B,Seq2Seq,PH,B_N200_K30_d2.0,,,,,window_agg,240,1200,11,0.000000,11,9999.000000,0,11,0,0,0,0,200.000000,30.000000,2.000000,,,
B,Seq2Seq,PH,B_N200_K50_d0.5,,,,,window_agg,240,1200,12,4.166700,11,2.200000,1,11,0,0,0,0,200.000000,50.000000,0.500000,,,
B,Seq2Seq,PH,B_N200_K50_d1.0,,,,,window_agg,240,1200,10,0.000000,10,9999.000000,0,10,0,0,0,0,200.000000,50.000000,1.000000,,,
B,Seq2Seq,PH,B_N200_K50_d2.0,,,,,window_agg,240,1200,8,0.000000,8,9999.000000,0,8,0,0,0,0,200.000000,50.000000,2.000000,,,
B,Seq2Seq,PH,B_N500_K5_d0.5,,,,,window_agg,96,480,20,41.666700,16,0.800000,4,15,0,0,1,0,500.000000,5.000000,0.500000,,,
B,Seq2Seq,PH,B_N500_K5_d1.0,,,,,window_agg,96,480,18,31.250000,15,1.000000,3,14,0,0,1,0,500.000000,5.000000,1.000000,,,
B,Seq2Seq,PH,B_N500_K5_d2.0,,,,,window_agg,96,480,16,20.833300,14,1.400000,2,14,0,0,0,0,500.000000,5.000000,2.000000,,,
B,Seq2Seq,PH,B_N500_K10_d0.5,,,,,window_agg,96,480,17,31.250000,14,0.930000,3,14,0,0,0,0,500.000000,10.000000,0.500000,,,
B,Seq2Seq,PH,B_N500_K10_d1.0,,,,,window_agg,96,480,15,20.833300,13,1.300000,2,13,0,0,0,0,500.000000,10.000000,1.000000,,,
B,Seq2Seq,PH,B_N500_K10_d2.0,,,,,window_agg,96,480,14,10.416700,13,2.600000,1,13,0,0,0,0,500.000000,10.000000,2.000000,,,
B,Seq2Seq,PH,B_N500_K20_d0.5,,,,,window_agg,96,480,15,20.833300,13,1.300000,2,13,0,0,0,0,500.000000,20.000000,0.500000,,,
B,Seq2Seq,PH,B_N500_K20_d1.0,,,,,window_agg,96,480,14,10.416700,13,2.600000,1,13,0,0,0,0,500.000000,20.000000,1.000000,,,
B,Seq2Seq,PH,B_N500_K20_d2.0,,,,,window_agg,96,480,13,0.000000,13,9999.000000,0,13,0,0,0,0,500.000000,20.000000,2.000000,,,
B,Seq2Seq,PH,B_N500_K30_d0.5,,,,,window_agg,96,480,12,10.416700,11,2.200000,1,11,0,0,0,0,500.000000,30.000000,0.500000,,,
B,Seq2Seq,PH,B_N500_K30_d1.0,,,,,window_agg,96,480,11,10.416700,10,2.000000,1,10,0,0,0,0,500.000000,30.000000,1.000000,,,
B,Seq2Seq,PH,B_N500_K30_d2.0,,,,,window_agg,96,480,8,0.000000,8,9999.000000,0,8,0,0,0,0,500.000000,30.000000,2.000000,,,
B,Seq2Seq,PH,B_N500_K50_d0.5,,,,,window_agg,96,480,8,0.000000,8,9999.000000,0,8,0,0,0,0,500.000000,50.000000,0.500000,,,
B,Seq2Seq,PH,B_N500_K50_d1.0,,,,,window_agg,96,480,7,0.000000,7,9999.000000,0,7,0,0,0,0,500.000000,50.000000,1.000000,,,
B,Seq2Seq,PH,B_N500_K50_d2.0,,,,,window_agg,96,480,6,0.000000,6,9999.000000,0,6,0,0,0,0,500.000000,50.000000,2.000000,,,
C,Seq2Seq,KSWIN,C_a1e-03_ws200_ss50,,,,,none,48000,240000,497,2.020800,400,0.820000,97,75,66,99,103,57,,,,0.001000,200.000000,50.000000
C,Seq2Seq,KSWIN,C_a1e-03_ws200_ss100,,,,,none,48000,240000,388,1.645800,309,0.780000,79,63,40,80,83,43,,,,0.001000,200.000000,100.000000
C,Seq2Seq,KSWIN,C_a1e-03_ws500_ss50,,,,,none,48000,240000,310,1.291700,248,0.800000,62,45,44,57,60,42,,,,0.001000,500.000000,50.000000
C,Seq2Seq,KSWIN,C_a1e-03_ws500_ss100,,,,,none,48000,240000,266,1.104200,213,0.800000,53,39,37,49,54,34,,,,0.001000,500.000000,100.000000
C,Seq2Seq,KSWIN,C_a1e-03_ws1000_ss50,,,,,none,48000,240000,200,0.750000,164,0.910000,36,27,33,36,38,30,,,,0.001000,1000.000000,50.000000
C,Seq2Seq,KSWIN,C_a1e-03_ws1000_ss100,,,,,none,48000,240000,182,0.708300,148,0.870000,34,31,27,32,33,25,,,,0.001000,1000.000000,100.000000
C,Seq2Seq,KSWIN,C_a1e-04_ws200_ss50,,,,,none,48000,240000,328,1.333300,264,0.820000,64,53,39,69,73,30,,,,0.000100,200.000000,50.000000
C,Seq2Seq,KSWIN,C_a1e-04_ws200_ss100,,,,,none,48000,240000,253,1.020800,204,0.830000,49,41,32,51,60,20,,,,0.000100,200.000000,100.000000
C,Seq2Seq,KSWIN,C_a1e-04_ws500_ss50,,,,,none,48000,240000,240,1.083300,188,0.720000,52,36,33,45,48,26,,,,0.000100,500.000000,50.000000
C,Seq2Seq,KSWIN,C_a1e-04_ws500_ss100,,,,,none,48000,240000,202,0.812500,163,0.840000,39,34,26,38,41,24,,,,0.000100,500.000000,100.000000
C,Seq2Seq,KSWIN,C_a1e-04_ws1000_ss50,,,,,none,48000,240000,158,0.687500,125,0.760000,33,23,21,28,29,24,,,,0.000100,1000.000000,50.000000
C,Seq2Seq,KSWIN,C_a1e-04_ws1000_ss100,,,,,none,48000,240000,144,0.583300,116,0.830000,28,23,19,25,29,20,,,,0.000100,1000.000000,100.000000
C,Seq2Seq,KSWIN,C_a1e-05_ws200_ss50,,,,,none,48000,240000,245,0.937500,200,0.890000,45,42,32,57,54,15,,,,0.000010,200.000000,50.000000
C,Seq2Seq,KSWIN,C_a1e-05_ws200_ss100,,,,,none,48000,240000,182,0.645800,151,0.970000,31,27,25,44,40,15,,,,0.000010,200.000000,100.000000
C,Seq2Seq,KSWIN,C_a1e-05_ws500_ss50,,,,,none,48000,240000,186,0.854200,145,0.710000,41,31,18,38,39,19,,,,0.000010,500.000000,50.000000
C,Seq2Seq,KSWIN,C_a1e-05_ws500_ss100,,,,,none,48000,240000,152,0.562500,125,0.930000,27,25,23,29,35,13,,,,0.000010,500.000000,100.000000
C,Seq2Seq,KSWIN,C_a1e-05_ws1000_ss50,,,,,none,48000,240000,125,0.520800,100,0.800000,25,20,13,25,25,17,,,,0.000010,1000.000000,50.000000
C,Seq2Seq,KSWIN,C_a1e-05_ws1000_ss100,,,,,none,48000,240000,102,0.437500,81,0.770000,21,15,11,21,23,11,,,,0.000010,1000.000000,100.000000
A,Kalman,ADWIN,A_d1e-04_mw200_cd200_xw2000,0.000100,200.000000,200.000000,2000.000000,robz_w200,48000,240000,215,0.895800,172,0.800000,43,35,23,52,43,19,,,,,,
A,Kalman,ADWIN,A_d1e-04_mw200_cd200_xw5000,0.000100,200.000000,200.000000,5000.000000,robz_w200,48000,240000,213,0.708300,179,1.050000,34,38,23,60,41,17,,,,,,
A,Kalman,ADWIN,A_d1e-04_mw200_cd500_xw2000,0.000100,200.000000,500.000000,2000.000000,robz_w200,48000,240000,155,0.708300,121,0.710000,34,23,19,33,29,17,,,,,,
A,Kalman,ADWIN,A_d1e-04_mw200_cd500_xw5000,0.000100,200.000000,500.000000,5000.000000,robz_w200,48000,240000,165,0.604200,136,0.940000,29,26,19,45,31,15,,,,,,
A,Kalman,ADWIN,A_d1e-04_mw200_cd1000_xw2000,0.000100,200.000000,1000.000000,2000.000000,robz_w200,48000,240000,109,0.458300,87,0.790000,22,15,14,24,20,14,,,,,,
A,Kalman,ADWIN,A_d1e-04_mw200_cd1000_xw5000,0.000100,200.000000,1000.000000,5000.000000,robz_w200,48000,240000,115,0.437500,94,0.900000,21,18,14,27,22,13,,,,,,
A,Kalman,ADWIN,A_d1e-04_mw400_cd200_xw2000,0.000100,400.000000,200.000000,2000.000000,robz_w200,48000,240000,197,0.833300,157,0.790000,40,34,25,47,34,17,,,,,,
A,Kalman,ADWIN,A_d1e-04_mw400_cd200_xw5000,0.000100,400.000000,200.000000,5000.000000,robz_w200,48000,240000,187,0.666700,155,0.970000,32,31,19,50,39,16,,,,,,
A,Kalman,ADWIN,A_d1e-04_mw400_cd500_xw2000,0.000100,400.000000,500.000000,2000.000000,robz_w200,48000,240000,160,0.729200,125,0.710000,35,28,21,34,28,14,,,,,,
A,Kalman,ADWIN,A_d1e-04_mw400_cd500_xw5000,0.000100,400.000000,500.000000,5000.000000,robz_w200,48000,240000,154,0.625000,124,0.830000,30,25,14,39,31,15,,,,,,
A,Kalman,ADWIN,A_d1e-04_mw400_cd1000_xw2000,0.000100,400.000000,1000.000000,2000.000000,robz_w200,48000,240000,108,0.479200,85,0.740000,23,17,15,23,18,12,,,,,,
A,Kalman,ADWIN,A_d1e-04_mw400_cd1000_xw5000,0.000100,400.000000,1000.000000,5000.000000,robz_w200,48000,240000,112,0.437500,91,0.870000,21,19,11,27,22,12,,,,,,
A,Kalman,ADWIN,A_d1e-04_mw600_cd200_xw2000,0.000100,600.000000,200.000000,2000.000000,robz_w200,48000,240000,174,0.625000,144,0.960000,30,23,22,43,37,19,,,,,,
A,Kalman,ADWIN,A_d1e-04_mw600_cd200_xw5000,0.000100,600.000000,200.000000,5000.000000,robz_w200,48000,240000,169,0.645800,138,0.890000,31,25,25,39,31,18,,,,,,
A,Kalman,ADWIN,A_d1e-04_mw600_cd500_xw2000,0.000100,600.000000,500.000000,2000.000000,robz_w200,48000,240000,174,0.625000,144,0.960000,30,23,22,43,37,19,,,,,,
A,Kalman,ADWIN,A_d1e-04_mw600_cd500_xw5000,0.000100,600.000000,500.000000,5000.000000,robz_w200,48000,240000,169,0.645800,138,0.890000,31,25,25,39,31,18,,,,,,
A,Kalman,ADWIN,A_d1e-04_mw600_cd1000_xw2000,0.000100,600.000000,1000.000000,2000.000000,robz_w200,48000,240000,109,0.416700,89,0.890000,20,14,15,25,23,12,,,,,,
A,Kalman,ADWIN,A_d1e-04_mw600_cd1000_xw5000,0.000100,600.000000,1000.000000,5000.000000,robz_w200,48000,240000,109,0.437500,88,0.840000,21,16,17,23,18,14,,,,,,
A,Kalman,ADWIN,A_d1e-04_mw1000_cd200_xw2000,0.000100,1000.000000,200.000000,2000.000000,robz_w200,48000,240000,117,0.541700,91,0.700000,26,16,14,29,20,12,,,,,,
A,Kalman,ADWIN,A_d1e-04_mw1000_cd200_xw5000,0.000100,1000.000000,200.000000,5000.000000,robz_w200,48000,240000,124,0.479200,101,0.880000,23,20,14,28,26,13,,,,,,
A,Kalman,ADWIN,A_d1e-04_mw1000_cd500_xw2000,0.000100,1000.000000,500.000000,2000.000000,robz_w200,48000,240000,117,0.541700,91,0.700000,26,16,14,29,20,12,,,,,,
A,Kalman,ADWIN,A_d1e-04_mw1000_cd500_xw5000,0.000100,1000.000000,500.000000,5000.000000,robz_w200,48000,240000,124,0.479200,101,0.880000,23,20,14,28,26,13,,,,,,
A,Kalman,ADWIN,A_d1e-04_mw1000_cd1000_xw2000,0.000100,1000.000000,1000.000000,2000.000000,robz_w200,48000,240000,117,0.541700,91,0.700000,26,16,14,29,20,12,,,,,,
A,Kalman,ADWIN,A_d1e-04_mw1000_cd1000_xw5000,0.000100,1000.000000,1000.000000,5000.000000,robz_w200,48000,240000,124,0.479200,101,0.880000,23,20,14,28,26,13,,,,,,
A,Kalman,ADWIN,A_d1e-05_mw200_cd200_xw2000,0.000010,200.000000,200.000000,2000.000000,robz_w200,48000,240000,166,0.666700,134,0.840000,32,28,17,41,31,17,,,,,,
A,Kalman,ADWIN,A_d1e-05_mw200_cd200_xw5000,0.000010,200.000000,200.000000,5000.000000,robz_w200,48000,240000,154,0.520800,129,1.030000,25,27,17,40,34,11,,,,,,
A,Kalman,ADWIN,A_d1e-05_mw200_cd500_xw2000,0.000010,200.000000,500.000000,2000.000000,robz_w200,48000,240000,131,0.562500,104,0.770000,27,20,13,33,23,15,,,,,,
A,Kalman,ADWIN,A_d1e-05_mw200_cd500_xw5000,0.000010,200.000000,500.000000,5000.000000,robz_w200,48000,240000,127,0.458300,105,0.950000,22,23,13,32,26,11,,,,,,
A,Kalman,ADWIN,A_d1e-05_mw200_cd1000_xw2000,0.000010,200.000000,1000.000000,2000.000000,robz_w200,48000,240000,87,0.416700,67,0.670000,20,11,9,19,18,10,,,,,,
A,Kalman,ADWIN,A_d1e-05_mw200_cd1000_xw5000,0.000010,200.000000,1000.000000,5000.000000,robz_w200,48000,240000,90,0.312500,75,1.000000,15,14,11,20,20,10,,,,,,
A,Kalman,ADWIN,A_d1e-05_mw400_cd200_xw2000,0.000010,400.000000,200.000000,2000.000000,robz_w200,48000,240000,159,0.645800,128,0.830000,31,26,16,43,31,12,,,,,,
A,Kalman,ADWIN,A_d1e-05_mw400_cd200_xw5000,0.000010,400.000000,200.000000,5000.000000,robz_w200,48000,240000,149,0.500000,125,1.040000,24,24,20,37,31,13,,,,,,
A,Kalman,ADWIN,A_d1e-05_mw400_cd500_xw2000,0.000010,400.000000,500.000000,2000.000000,robz_w200,48000,240000,132,0.562500,105,0.780000,27,22,13,35,23,12,,,,,,
A,Kalman,ADWIN,A_d1e-05_mw400_cd500_xw5000,0.000010,400.000000,500.000000,5000.000000,robz_w200,48000,240000,123,0.458300,101,0.920000,22,18,17,27,26,13,,,,,,
A,Kalman,ADWIN,A_d1e-05_mw400_cd1000_xw2000,0.000010,400.000000,1000.000000,2000.000000,robz_w200,48000,240000,95,0.395800,76,0.800000,19,15,10,23,19,9,,,,,,
A,Kalman,ADWIN,A_d1e-05_mw400_cd1000_xw5000,0.000010,400.000000,1000.000000,5000.000000,robz_w200,48000,240000,93,0.354200,76,0.890000,17,13,14,20,18,11,,,,,,
A,Kalman,ADWIN,A_d1e-05_mw600_cd200_xw2000,0.000010,600.000000,200.000000,2000.000000,robz_w200,48000,240000,140,0.520800,115,0.920000,25,21,19,37,27,11,,,,,,
A,Kalman,ADWIN,A_d1e-05_mw600_cd200_xw5000,0.000010,600.000000,200.000000,5000.000000,robz_w200,48000,240000,132,0.458300,110,1.000000,22,24,15,36,24,11,,,,,,
A,Kalman,ADWIN,A_d1e-05_mw600_cd500_xw2000,0.000010,600.000000,500.000000,2000.000000,robz_w200,48000,240000,140,0.520800,115,0.920000,25,21,19,37,27,11,,,,,,
A,Kalman,ADWIN,A_d1e-05_mw600_cd500_xw5000,0.000010,600.000000,500.000000,5000.000000,robz_w200,48000,240000,132,0.458300,110,1.000000,22,24,15,36,24,11,,,,,,
A,Kalman,ADWIN,A_d1e-05_mw600_cd1000_xw2000,0.000010,600.000000,1000.000000,2000.000000,robz_w200,48000,240000,89,0.312500,74,0.990000,15,12,14,22,17,9,,,,,,
A,Kalman,ADWIN,A_d1e-05_mw600_cd1000_xw5000,0.000010,600.000000,1000.000000,5000.000000,robz_w200,48000,240000,87,0.312500,72,0.960000,15,14,12,21,15,10,,,,,,
A,Kalman,ADWIN,A_d1e-05_mw1000_cd200_xw2000,0.000010,1000.000000,200.000000,2000.000000,robz_w200,48000,240000,99,0.333300,83,1.040000,16,14,11,22,22,14,,,,,,
A,Kalman,ADWIN,A_d1e-05_mw1000_cd200_xw5000,0.000010,1000.000000,200.000000,5000.000000,robz_w200,48000,240000,114,0.395800,95,1.000000,19,21,13,27,24,10,,,,,,
A,Kalman,ADWIN,A_d1e-05_mw1000_cd500_xw2000,0.000010,1000.000000,500.000000,2000.000000,robz_w200,48000,240000,99,0.333300,83,1.040000,16,14,11,22,22,14,,,,,,
A,Kalman,ADWIN,A_d1e-05_mw1000_cd500_xw5000,0.000010,1000.000000,500.000000,5000.000000,robz_w200,48000,240000,114,0.395800,95,1.000000,19,21,13,27,24,10,,,,,,
A,Kalman,ADWIN,A_d1e-05_mw1000_cd1000_xw2000,0.000010,1000.000000,1000.000000,2000.000000,robz_w200,48000,240000,99,0.333300,83,1.040000,16,14,11,22,22,14,,,,,,
A,Kalman,ADWIN,A_d1e-05_mw1000_cd1000_xw5000,0.000010,1000.000000,1000.000000,5000.000000,robz_w200,48000,240000,114,0.395800,95,1.000000,19,21,13,27,24,10,,,,,,
A,Kalman,ADWIN,A_d1e-06_mw200_cd200_xw2000,0.000001,200.000000,200.000000,2000.000000,robz_w200,48000,240000,123,0.437500,102,0.970000,21,23,14,36,23,6,,,,,,
A,Kalman,ADWIN,A_d1e-06_mw200_cd200_xw5000,0.000001,200.000000,200.000000,5000.000000,robz_w200,48000,240000,120,0.395800,101,1.060000,19,20,13,32,26,10,,,,,,
A,Kalman,ADWIN,A_d1e-06_mw200_cd500_xw2000,0.000001,200.000000,500.000000,2000.000000,robz_w200,48000,240000,98,0.416700,78,0.780000,20,18,10,28,16,6,,,,,,
A,Kalman,ADWIN,A_d1e-06_mw200_cd500_xw5000,0.000001,200.000000,500.000000,5000.000000,robz_w200,48000,240000,102,0.333300,86,1.070000,16,18,12,27,19,10,,,,,,
A,Kalman,ADWIN,A_d1e-06_mw200_cd1000_xw2000,0.000001,200.000000,1000.000000,2000.000000,robz_w200,48000,240000,73,0.270800,60,0.920000,13,12,9,21,12,6,,,,,,
A,Kalman,ADWIN,A_d1e-06_mw200_cd1000_xw5000,0.000001,200.000000,1000.000000,5000.000000,robz_w200,48000,240000,77,0.250000,65,1.080000,12,12,10,18,16,9,,,,,,
A,Kalman,ADWIN,A_d1e-06_mw400_cd200_xw2000,0.000001,400.000000,200.000000,2000.000000,robz_w200,48000,240000,119,0.437500,98,0.930000,21,20,13,36,24,5,,,,,,
A,Kalman,ADWIN,A_d1e-06_mw400_cd200_xw5000,0.000001,400.000000,200.000000,5000.000000,robz_w200,48000,240000,115,0.395800,96,1.010000,19,19,10,39,24,4,,,,,,
A,Kalman,ADWIN,A_d1e-06_mw400_cd500_xw2000,0.000001,400.000000,500.000000,2000.000000,robz_w200,48000,240000,100,0.416700,80,0.800000,20,16,11,30,18,5,,,,,,
A,Kalman,ADWIN,A_d1e-06_mw400_cd500_xw5000,0.000001,400.000000,500.000000,5000.000000,robz_w200,48000,240000,103,0.333300,87,1.090000,16,18,9,33,23,4,,,,,,
A,Kalman,ADWIN,A_d1e-06_mw400_cd1000_xw2000,0.000001,400.000000,1000.000000,2000.000000,robz_w200,48000,240000,68,0.270800,55,0.850000,13,11,9,18,13,4,,,,,,
A,Kalman,ADWIN,A_d1e-06_mw400_cd1000_xw5000,0.000001,400.000000,1000.000000,5000.000000,robz_w200,48000,240000,73,0.250000,61,1.020000,12,12,8,22,15,4,,,,,,
A,Kalman,ADWIN,A_d1e-06_mw600_cd200_xw2000,0.000001,600.000000,200.000000,2000.000000,robz_w200,48000,240000,107,0.312500,92,1.230000,15,18,12,32,22,8,,,,,,
A,Kalman,ADWIN,A_d1e-06_mw600_cd200_xw5000,0.000001,600.000000,200.000000,5000.000000,robz_w200,48000,240000,107,0.375000,89,0.990000,18,15,10,30,23,11,,,,,,
A,Kalman,ADWIN,A_d1e-06_mw600_cd500_xw2000,0.000001,600.000000,500.000000,2000.000000,robz_w200,48000,240000,107,0.312500,92,1.230000,15,18,12,32,22,8,,,,,,
A,Kalman,ADWIN,A_d1e-06_mw600_cd500_xw5000,0.000001,600.000000,500.000000,5000.000000,robz_w200,48000,240000,107,0.375000,89,0.990000,18,15,10,30,23,11,,,,,,
A,Kalman,ADWIN,A_d1e-06_mw600_cd1000_xw2000,0.000001,600.000000,1000.000000,2000.000000,robz_w200,48000,240000,72,0.250000,60,1.000000,12,12,9,18,14,7,,,,,,
A,Kalman,ADWIN,A_d1e-06_mw600_cd1000_xw5000,0.000001,600.000000,1000.000000,5000.000000,robz_w200,48000,240000,72,0.250000,60,1.000000,12,11,8,18,15,8,,,,,,
A,Kalman,ADWIN,A_d1e-06_mw1000_cd200_xw2000,0.000001,1000.000000,200.000000,2000.000000,robz_w200,48000,240000,82,0.270800,69,1.060000,13,13,9,21,15,11,,,,,,
A,Kalman,ADWIN,A_d1e-06_mw1000_cd200_xw5000,0.000001,1000.000000,200.000000,5000.000000,robz_w200,48000,240000,85,0.270800,72,1.110000,13,17,12,19,18,6,,,,,,
A,Kalman,ADWIN,A_d1e-06_mw1000_cd500_xw2000,0.000001,1000.000000,500.000000,2000.000000,robz_w200,48000,240000,82,0.270800,69,1.060000,13,13,9,21,15,11,,,,,,
A,Kalman,ADWIN,A_d1e-06_mw1000_cd500_xw5000,0.000001,1000.000000,500.000000,5000.000000,robz_w200,48000,240000,85,0.270800,72,1.110000,13,17,12,19,18,6,,,,,,
A,Kalman,ADWIN,A_d1e-06_mw1000_cd1000_xw2000,0.000001,1000.000000,1000.000000,2000.000000,robz_w200,48000,240000,82,0.270800,69,1.060000,13,13,9,21,15,11,,,,,,
A,Kalman,ADWIN,A_d1e-06_mw1000_cd1000_xw5000,0.000001,1000.000000,1000.000000,5000.000000,robz_w200,48000,240000,85,0.270800,72,1.110000,13,17,12,19,18,6,,,,,,
A,Kalman,ADWIN,A_d1e-07_mw200_cd200_xw2000,0.000000,200.000000,200.000000,2000.000000,robz_w200,48000,240000,110,0.395800,91,0.960000,19,17,14,31,23,6,,,,,,
A,Kalman,ADWIN,A_d1e-07_mw200_cd200_xw5000,0.000000,200.000000,200.000000,5000.000000,robz_w200,48000,240000,107,0.375000,89,0.990000,18,19,11,28,23,8,,,,,,
A,Kalman,ADWIN,A_d1e-07_mw200_cd500_xw2000,0.000000,200.000000,500.000000,2000.000000,robz_w200,48000,240000,92,0.375000,74,0.820000,18,14,12,25,17,6,,,,,,
A,Kalman,ADWIN,A_d1e-07_mw200_cd500_xw5000,0.000000,200.000000,500.000000,5000.000000,robz_w200,48000,240000,95,0.333300,79,0.990000,16,17,10,23,21,8,,,,,,
A,Kalman,ADWIN,A_d1e-07_mw200_cd1000_xw2000,0.000000,200.000000,1000.000000,2000.000000,robz_w200,48000,240000,72,0.270800,59,0.910000,13,11,9,19,14,6,,,,,,
A,Kalman,ADWIN,A_d1e-07_mw200_cd1000_xw5000,0.000000,200.000000,1000.000000,5000.000000,robz_w200,48000,240000,65,0.208300,55,1.100000,10,10,8,17,14,6,,,,,,
A,Kalman,ADWIN,A_d1e-07_mw400_cd200_xw2000,0.000000,400.000000,200.000000,2000.000000,robz_w200,48000,240000,106,0.375000,88,0.980000,18,18,12,30,22,6,,,,,,
A,Kalman,ADWIN,A_d1e-07_mw400_cd200_xw5000,0.000000,400.000000,200.000000,5000.000000,robz_w200,48000,240000,103,0.375000,85,0.940000,18,19,11,30,18,7,,,,,,
A,Kalman,ADWIN,A_d1e-07_mw400_cd500_xw2000,0.000000,400.000000,500.000000,2000.000000,robz_w200,48000,240000,92,0.375000,74,0.820000,18,14,10,25,19,6,,,,,,
A,Kalman,ADWIN,A_d1e-07_mw400_cd500_xw5000,0.000000,400.000000,500.000000,5000.000000,robz_w200,48000,240000,94,0.333300,78,0.970000,16,18,10,26,17,7,,,,,,
A,Kalman,ADWIN,A_d1e-07_mw400_cd1000_xw2000,0.000000,400.000000,1000.000000,2000.000000,robz_w200,48000,240000,70,0.291700,56,0.800000,14,11,9,16,14,6,,,,,,
A,Kalman,ADWIN,A_d1e-07_mw400_cd1000_xw5000,0.000000,400.000000,1000.000000,5000.000000,robz_w200,48000,240000,67,0.208300,57,1.140000,10,11,8,19,12,7,,,,,,
A,Kalman,ADWIN,A_d1e-07_mw600_cd200_xw2000,0.000000,600.000000,200.000000,2000.000000,robz_w200,48000,240000,99,0.270800,86,1.320000,13,17,12,28,22,7,,,,,,
A,Kalman,ADWIN,A_d1e-07_mw600_cd200_xw5000,0.000000,600.000000,200.000000,5000.000000,robz_w200,48000,240000,88,0.270800,75,1.150000,13,14,9,26,20,6,,,,,,
A,Kalman,ADWIN,A_d1e-07_mw600_cd500_xw2000,0.000000,600.000000,500.000000,2000.000000,robz_w200,48000,240000,99,0.270800,86,1.320000,13,17,12,28,22,7,,,,,,
A,Kalman,ADWIN,A_d1e-07_mw600_cd500_xw5000,0.000000,600.000000,500.000000,5000.000000,robz_w200,48000,240000,88,0.270800,75,1.150000,13,14,9,26,20,6,,,,,,
A,Kalman,ADWIN,A_d1e-07_mw600_cd1000_xw2000,0.000000,600.000000,1000.000000,2000.000000,robz_w200,48000,240000,69,0.229200,58,1.050000,11,10,9,18,14,7,,,,,,
A,Kalman,ADWIN,A_d1e-07_mw600_cd1000_xw5000,0.000000,600.000000,1000.000000,5000.000000,robz_w200,48000,240000,62,0.187500,53,1.180000,9,10,7,17,13,6,,,,,,
A,Kalman,ADWIN,A_d1e-07_mw1000_cd200_xw2000,0.000000,1000.000000,200.000000,2000.000000,robz_w200,48000,240000,64,0.187500,55,1.220000,9,11,6,20,16,2,,,,,,
A,Kalman,ADWIN,A_d1e-07_mw1000_cd200_xw5000,0.000000,1000.000000,200.000000,5000.000000,robz_w200,48000,240000,78,0.250000,66,1.100000,12,15,7,20,18,6,,,,,,
A,Kalman,ADWIN,A_d1e-07_mw1000_cd500_xw2000,0.000000,1000.000000,500.000000,2000.000000,robz_w200,48000,240000,64,0.187500,55,1.220000,9,11,6,20,16,2,,,,,,
A,Kalman,ADWIN,A_d1e-07_mw1000_cd500_xw5000,0.000000,1000.000000,500.000000,5000.000000,robz_w200,48000,240000,78,0.250000,66,1.100000,12,15,7,20,18,6,,,,,,
A,Kalman,ADWIN,A_d1e-07_mw1000_cd1000_xw2000,0.000000,1000.000000,1000.000000,2000.000000,robz_w200,48000,240000,64,0.187500,55,1.220000,9,11,6,20,16,2,,,,,,
A,Kalman,ADWIN,A_d1e-07_mw1000_cd1000_xw5000,0.000000,1000.000000,1000.000000,5000.000000,robz_w200,48000,240000,78,0.250000,66,1.100000,12,15,7,20,18,6,,,,,,
B,Kalman,PH,B_N50_K5_d0.5,,,,,window_agg,960,4800,66,9.375000,57,1.270000,9,19,3,12,9,14,50.000000,5.000000,0.500000,,,
B,Kalman,PH,B_N50_K5_d1.0,,,,,window_agg,960,4800,53,6.250000,47,1.570000,6,20,2,9,6,10,50.000000,5.000000,1.000000,,,
B,Kalman,PH,B_N50_K5_d2.0,,,,,window_agg,960,4800,38,4.166700,34,1.700000,4,18,2,6,4,4,50.000000,5.000000,2.000000,,,
B,Kalman,PH,B_N50_K10_d0.5,,,,,window_agg,960,4800,54,7.291700,47,1.340000,7,19,2,8,6,12,50.000000,10.000000,0.500000,,,
B,Kalman,PH,B_N50_K10_d1.0,,,,,window_agg,960,4800,45,6.250000,39,1.300000,6,19,2,5,5,8,50.000000,10.000000,1.000000,,,
B,Kalman,PH,B_N50_K10_d2.0,,,,,window_agg,960,4800,27,3.125000,24,1.600000,3,16,2,3,2,1,50.000000,10.000000,2.000000,,,
B,Kalman,PH,B_N50_K20_d0.5,,,,,window_agg,960,4800,43,5.208300,38,1.520000,5,17,2,5,5,9,50.000000,20.000000,0.500000,,,
B,Kalman,PH,B_N50_K20_d1.0,,,,,window_agg,960,4800,35,4.166700,31,1.550000,4,17,2,4,2,6,50.000000,20.000000,1.000000,,,
B,Kalman,PH,B_N50_K20_d2.0,,,,,window_agg,960,4800,19,3.125000,16,1.070000,3,14,0,1,1,0,50.000000,20.000000,2.000000,,,
B,Kalman,PH,B_N50_K30_d0.5,,,,,window_agg,960,4800,37,5.208300,32,1.280000,5,16,2,5,3,6,50.000000,30.000000,0.500000,,,
B,Kalman,PH,B_N50_K30_d1.0,,,,,window_agg,960,4800,31,4.166700,27,1.350000,4,16,1,3,2,5,50.000000,30.000000,1.000000,,,
B,Kalman,PH,B_N50_K30_d2.0,,,,,window_agg,960,4800,17,2.083300,15,1.500000,2,14,0,0,1,0,50.000000,30.000000,2.000000,,,
B,Kalman,PH,B_N50_K50_d0.5,,,,,window_agg,960,4800,31,3.125000,28,1.870000,3,16,1,4,2,5,50.000000,50.000000,0.500000,,,
B,Kalman,PH,B_N50_K50_d1.0,,,,,window_agg,960,4800,22,3.125000,19,1.270000,3,14,0,2,1,2,50.000000,50.000000,1.000000,,,
B,Kalman,PH,B_N50_K50_d2.0,,,,,window_agg,960,4800,14,1.041700,13,2.600000,1,13,0,0,0,0,50.000000,50.000000,2.000000,,,
B,Kalman,PH,B_N100_K5_d0.5,,,,,window_agg,480,2400,56,16.666700,48,1.200000,8,18,2,10,6,12,100.000000,5.000000,0.500000,,,
B,Kalman,PH,B_N100_K5_d1.0,,,,,window_agg,480,2400,48,12.500000,42,1.400000,6,19,2,7,5,9,100.000000,5.000000,1.000000,,,
B,Kalman,PH,B_N100_K5_d2.0,,,,,window_agg,480,2400,32,6.250000,29,1.930000,3,17,2,4,3,3,100.000000,5.000000,2.000000,,,
B,Kalman,PH,B_N100_K10_d0.5,,,,,window_agg,480,2400,46,10.416700,41,1.640000,5,18,2,6,5,10,100.000000,10.000000,0.500000,,,
B,Kalman,PH,B_N100_K10_d1.0,,,,,window_agg,480,2400,38,10.416700,33,1.320000,5,17,2,5,2,7,100.000000,10.000000,1.000000,,,
B,Kalman,PH,B_N100_K10_d2.0,,,,,window_agg,480,2400,21,6.250000,18,1.200000,3,14,1,2,1,0,100.000000,10.000000,2.000000,,,
B,Kalman,PH,B_N100_K20_d0.5,,,,,window_agg,480,2400,35,10.416700,30,1.200000,5,15,1,5,3,6,100.000000,20.000000,0.500000,,,
B,Kalman,PH,B_N100_K20_d1.0,,,,,window_agg,480,2400,30,6.250000,27,1.800000,3,16,1,3,2,5,100.000000,20.000000,1.000000,,,
B,Kalman,PH,B_N100_K20_d2.0,,,,,window_agg,480,2400,16,4.166700,14,1.400000,2,13,0,0,1,0,100.000000,20.000000,2.000000,,,
B,Kalman,PH,B_N100_K30_d0.5,,,,,window_agg,480,2400,32,6.250000,29,1.930000,3,16,1,4,2,6,100.000000,30.000000,0.500000,,,
B,Kalman,PH,B_N100_K30_d1.0,,,,,window_agg,480,2400,23,6.250000,20,1.330000,3,14,0,2,1,3,100.000000,30.000000,1.000000,,,
B,Kalman,PH,B_N100_K30_d2.0,,,,,window_agg,480,2400,14,2.083300,13,2.600000,1,13,0,0,0,0,100.000000,30.000000,2.000000,,,
B,Kalman,PH,B_N100_K50_d0.5,,,,,window_agg,480,2400,23,6.250000,20,1.330000,3,14,0,2,1,3,100.000000,50.000000,0.500000,,,
B,Kalman,PH,B_N100_K50_d1.0,,,,,window_agg,480,2400,17,4.166700,15,1.500000,2,13,0,1,0,1,100.000000,50.000000,1.000000,,,
B,Kalman,PH,B_N100_K50_d2.0,,,,,window_agg,480,2400,13,2.083300,12,2.400000,1,12,0,0,0,0,100.000000,50.000000,2.000000,,,
B,Kalman,PH,B_N200_K5_d0.5,,,,,window_agg,240,1200,46,25.000000,40,1.330000,6,17,2,6,5,10,200.000000,5.000000,0.500000,,,
B,Kalman,PH,B_N200_K5_d1.0,,,,,window_agg,240,1200,38,20.833300,33,1.320000,5,15,2,5,4,7,200.000000,5.000000,1.000000,,,
B,Kalman,PH,B_N200_K5_d2.0,,,,,window_agg,240,1200,25,12.500000,22,1.470000,3,15,1,2,2,2,200.000000,5.000000,2.000000,,,
B,Kalman,PH,B_N200_K10_d0.5,,,,,window_agg,240,1200,39,20.833300,34,1.360000,5,15,2,5,4,8,200.000000,10.000000,0.500000,,,
B,Kalman,PH,B_N200_K10_d1.0,,,,,window_agg,240,1200,31,12.500000,28,1.870000,3,15,1,4,2,6,200.000000,10.000000,1.000000,,,
B,Kalman,PH,B_N200_K10_d2.0,,,,,window_agg,240,1200,21,12.500000,18,1.200000,3,14,0,2,1,1,200.000000,10.000000,2.000000,,,
B,Kalman,PH,B_N200_K20_d0.5,,,,,window_agg,240,1200,30,12.500000,27,1.800000,3,15,1,4,2,5,200.000000,20.000000,0.500000,,,
B,Kalman,PH,B_N200_K20_d1.0,,,,,window_agg,240,1200,21,12.500000,18,1.200000,3,13,0,2,1,2,200.000000,20.000000,1.000000,,,
B,Kalman,PH,B_N200_K20_d2.0,,,,,window_agg,240,1200,14,4.166700,13,2.600000,1,13,0,0,0,0,200.000000,20.000000,2.000000,,,
B,Kalman,PH,B_N200_K30_d0.5,,,,,window_agg,240,1200,22,12.500000,19,1.270000,3,13,0,2,1,3,200.000000,30.000000,0.500000,,,
B,Kalman,PH,B_N200_K30_d1.0,,,,,window_agg,240,1200,18,8.333300,16,1.600000,2,13,0,1,0,2,200.000000,30.000000,1.000000,,,
B,Kalman,PH,B_N200_K30_d2.0,,,,,window_agg,240,1200,13,4.166700,12,2.400000,1,12,0,0,0,0,200.000000,30.000000,2.000000,,,
B,Kalman,PH,B_N200_K50_d0.5,,,,,window_agg,240,1200,15,4.166700,14,2.800000,1,12,0,0,0,2,200.000000,50.000000,0.500000,,,
B,Kalman,PH,B_N200_K50_d1.0,,,,,window_agg,240,1200,13,4.166700,12,2.400000,1,11,0,0,0,1,200.000000,50.000000,1.000000,,,
B,Kalman,PH,B_N200_K50_d2.0,,,,,window_agg,240,1200,9,0.000000,9,9999.000000,0,9,0,0,0,0,200.000000,50.000000,2.000000,,,
B,Kalman,PH,B_N500_K5_d0.5,,,,,window_agg,96,480,35,41.666700,31,1.550000,4,15,1,5,3,7,500.000000,5.000000,0.500000,,,
B,Kalman,PH,B_N500_K5_d1.0,,,,,window_agg,96,480,31,31.250000,28,1.870000,3,16,1,4,2,5,500.000000,5.000000,1.000000,,,
B,Kalman,PH,B_N500_K5_d2.0,,,,,window_agg,96,480,19,31.250000,16,1.070000,3,13,0,1,1,1,500.000000,5.000000,2.000000,,,
B,Kalman,PH,B_N500_K10_d0.5,,,,,window_agg,96,480,28,31.250000,25,1.670000,3,15,0,3,2,5,500.000000,10.000000,0.500000,,,
B,Kalman,PH,B_N500_K10_d1.0,,,,,window_agg,96,480,20,31.250000,17,1.130000,3,13,0,2,0,2,500.000000,10.000000,1.000000,,,
B,Kalman,PH,B_N500_K10_d2.0,,,,,window_agg,96,480,14,10.416700,13,2.600000,1,13,0,0,0,0,500.000000,10.000000,2.000000,,,
B,Kalman,PH,B_N500_K20_d0.5,,,,,window_agg,96,480,16,10.416700,15,3.000000,1,12,0,1,0,2,500.000000,20.000000,0.500000,,,
B,Kalman,PH,B_N500_K20_d1.0,,,,,window_agg,96,480,14,10.416700,13,2.600000,1,12,0,0,0,1,500.000000,20.000000,1.000000,,,
B,Kalman,PH,B_N500_K20_d2.0,,,,,window_agg,96,480,9,0.000000,9,9999.000000,0,9,0,0,0,0,500.000000,20.000000,2.000000,,,
B,Kalman,PH,B_N500_K30_d0.5,,,,,window_agg,96,480,11,10.416700,10,2.000000,1,9,0,0,0,1,500.000000,30.000000,0.500000,,,
B,Kalman,PH,B_N500_K30_d1.0,,,,,window_agg,96,480,10,10.416700,9,1.800000,1,8,0,0,0,1,500.000000,30.000000,1.000000,,,
B,Kalman,PH,B_N500_K30_d2.0,,,,,window_agg,96,480,6,0.000000,6,9999.000000,0,6,0,0,0,0,500.000000,30.000000,2.000000,,,
B,Kalman,PH,B_N500_K50_d0.5,,,,,window_agg,96,480,7,0.000000,7,9999.000000,0,6,0,0,0,1,500.000000,50.000000,0.500000,,,
B,Kalman,PH,B_N500_K50_d1.0,,,,,window_agg,96,480,5,0.000000,5,9999.000000,0,5,0,0,0,0,500.000000,50.000000,1.000000,,,
B,Kalman,PH,B_N500_K50_d2.0,,,,,window_agg,96,480,4,0.000000,4,9999.000000,0,4,0,0,0,0,500.000000,50.000000,2.000000,,,
C,Kalman,KSWIN,C_a1e-03_ws200_ss50,,,,,none,48000,240000,619,2.750000,487,0.740000,132,81,86,137,113,70,,,,0.001000,200.000000,50.000000
C,Kalman,KSWIN,C_a1e-03_ws200_ss100,,,,,none,48000,240000,485,2.020800,388,0.800000,97,70,70,113,85,50,,,,0.001000,200.000000,100.000000
C,Kalman,KSWIN,C_a1e-03_ws500_ss50,,,,,none,48000,240000,364,1.458300,294,0.840000,70,50,57,74,62,51,,,,0.001000,500.000000,50.000000
C,Kalman,KSWIN,C_a1e-03_ws500_ss100,,,,,none,48000,240000,301,1.208300,243,0.840000,58,46,45,63,53,36,,,,0.001000,500.000000,100.000000
C,Kalman,KSWIN,C_a1e-03_ws1000_ss50,,,,,none,48000,240000,217,0.854200,176,0.860000,41,30,37,41,36,32,,,,0.001000,1000.000000,50.000000
C,Kalman,KSWIN,C_a1e-03_ws1000_ss100,,,,,none,48000,240000,191,0.750000,155,0.860000,36,28,30,39,30,28,,,,0.001000,1000.000000,100.000000
C,Kalman,KSWIN,C_a1e-04_ws200_ss50,,,,,none,48000,240000,460,2.083300,360,0.720000,100,62,54,113,86,45,,,,0.000100,200.000000,50.000000
C,Kalman,KSWIN,C_a1e-04_ws200_ss100,,,,,none,48000,240000,355,1.458300,285,0.810000,70,54,45,90,66,30,,,,0.000100,200.000000,100.000000
C,Kalman,KSWIN,C_a1e-04_ws500_ss50,,,,,none,48000,240000,284,1.229200,225,0.760000,59,38,36,61,51,39,,,,0.000100,500.000000,50.000000
C,Kalman,KSWIN,C_a1e-04_ws500_ss100,,,,,none,48000,240000,231,0.979200,184,0.780000,47,33,31,50,44,26,,,,0.000100,500.000000,100.000000
C,Kalman,KSWIN,C_a1e-04_ws1000_ss50,,,,,none,48000,240000,185,0.750000,149,0.830000,36,25,26,37,35,26,,,,0.000100,1000.000000,50.000000
C,Kalman,KSWIN,C_a1e-04_ws1000_ss100,,,,,none,48000,240000,158,0.666700,126,0.790000,32,23,23,32,26,22,,,,0.000100,1000.000000,100.000000
C,Kalman,KSWIN,C_a1e-05_ws200_ss50,,,,,none,48000,240000,356,1.583300,280,0.740000,76,53,38,95,65,29,,,,0.000010,200.000000,50.000000
C,Kalman,KSWIN,C_a1e-05_ws200_ss100,,,,,none,48000,240000,274,1.041700,224,0.900000,50,44,33,73,56,18,,,,0.000010,200.000000,100.000000
C,Kalman,KSWIN,C_a1e-05_ws500_ss50,,,,,none,48000,240000,237,1.083300,185,0.710000,52,34,31,54,41,25,,,,0.000010,500.000000,50.000000
C,Kalman,KSWIN,C_a1e-05_ws500_ss100,,,,,none,48000,240000,191,0.875000,149,0.710000,42,28,23,45,35,18,,,,0.000010,500.000000,100.000000
C,Kalman,KSWIN,C_a1e-05_ws1000_ss50,,,,,none,48000,240000,155,0.666700,123,0.770000,32,23,21,33,28,18,,,,0.000010,1000.000000,50.000000
C,Kalman,KSWIN,C_a1e-05_ws1000_ss100,,,,,none,48000,240000,133,0.583300,105,0.750000,28,19,14,29,24,19,,,,0.000010,1000.000000,100.000000
