proc_set_file,division
proc_set_3.pkl,A
proc_set_4.pkl,A
proc_set_5.pkl,A
proc_set_6.pkl,A
proc_set_7.pkl,A
proc_set_8.pkl,A
proc_set_15.pkl,A
proc_set_16.pkl,A
proc_set_17.pkl,A
proc_set_18.pkl,A
proc_set_19.pkl,A
proc_set_20.pkl,A
proc_set_21.pkl,A
proc_set_22.pkl,A
proc_set_23.pkl,A
proc_set_24.pkl,A
proc_set_25.pkl,A
proc_set_26.pkl,A
proc_set_27.pkl,A
proc_set_28.pkl,A
proc_set_29.pkl,A
proc_set_30.pkl,A
proc_set_31.pkl,A
proc_set_32.pkl,A
proc_set_33.pkl,A
proc_set_34.pkl,A
proc_set_35.pkl,A
proc_set_36.pkl,A
proc_set_37.pkl,A
proc_set_38.pkl,A
